<?xml version="1.0" encoding="UTF-8"?>

<!-- 
 * servlet.xml
 *
 * Copyright (C) 2014 Universidad de Sevilla
 * 
 * The use of this project is hereby constrained to the conditions of the 
 * TDG Licence, a copy of which you may download from 
 * http://www.tdg-seville.info/License.html
 -->

<beans xmlns="http://www.springframework.org/schema/beans"
	xmlns:xsi="http://www.w3.org/2001/XMLSchema-instance" xmlns:context="http://www.springframework.org/schema/context"
	xmlns:mvc="http://www.springframework.org/schema/mvc" xmlns:jpa="http://www.springframework.org/schema/data/jpa"
	xmlns:tx="http://www.springframework.org/schema/tx" xmlns:security="http://www.springframework.org/schema/security"
	xmlns:cache="http://www.springframework.org/schema/cache"
	xsi:schemaLocation="
		http://www.springframework.org/schema/beans http://www.springframework.org/schema/beans/spring-beans-4.0.xsd
        http://www.springframework.org/schema/context http://www.springframework.org/schema/context/spring-context-4.0.xsd
	    http://www.springframework.org/schema/mvc http://www.springframework.org/schema/mvc/spring-mvc-4.0.xsd
	    http://www.springframework.org/schema/data/jpa http://www.springframework.org/schema/data/jpa/spring-jpa-1.3.xsd
	    http://www.springframework.org/schema/tx http://www.springframework.org/schema/tx/spring-tx-4.0.xsd
	    http://www.springframework.org/schema/security http://www.springframework.org/schema/security/spring-security-3.2.xsd
	    http://www.springframework.org/schema/cache http://www.springframework.org/schema/cache/spring-cache-4.0.xsd
	">
	 
	<!-- Context -->

	<import resource="config/packages.xml" />
	<mvc:annotation-driven>
	</mvc:annotation-driven>

	<!-- Data -->

	<import resource="config/data.xml" />

	<tx:annotation-driven transaction-manager="transactionManager"
		proxy-target-class="true" mode="proxy" />

	<bean id="entityManagerFactory"
		class="org.springframework.orm.jpa.LocalContainerEntityManagerFactoryBean">
		<property name="jpaVendorAdapter" ref="jpaVendorAdapter" />
		<property name="dataSource" ref="dataSource" />
		<property name="persistenceUnitName" ref="persistenceUnit" />
		<property name="jpaProperties" ref="jpaProperties" />
	</bean>

	<bean id="transactionManager" class="org.springframework.orm.jpa.JpaTransactionManager">
		<property name="entityManagerFactory" ref="entityManagerFactory" />
		<property name="dataSource" ref="dataSource" />
	</bean>

	<bean id="jpaVendorAdapter"
		class="org.springframework.orm.jpa.vendor.HibernateJpaVendorAdapter">
		<property name="databasePlatform" ref="sqlDialect" />
	</bean>

	<bean id="sessionFactory"
		class="org.springframework.orm.hibernate4.LocalSessionFactoryBean">
		<property name="dataSource" ref="dataSource" />
	</bean>

	<bean id="openEntityManagerInViewInterceptor"
		class="org.springframework.orm.jpa.support.OpenEntityManagerInViewInterceptor" />

	<mvc:interceptors>
		<mvc:interceptor>
			<mvc:mapping path="/**/*.json" />
			<ref bean="openEntityManagerInViewInterceptor" />
		</mvc:interceptor>
	</mvc:interceptors>

	
	<!-- Validator -->

	<bean name="validator"
		class="org.springframework.validation.beanvalidation.LocalValidatorFactoryBean">
		<property name="validationMessageSource" ref="messageSource" />
	</bean>

	<!-- Security -->

	<import resource="config/security.xml" />

	<security:authentication-manager>
		<security:authentication-provider
			user-service-ref="loginService">
			<security:password-encoder ref="passwordEncoder" />
		</security:authentication-provider>
	</security:authentication-manager>
	
	<!-- Cache -->
	
	<import resource="config/cache.xml" />
	
	<cache:annotation-driven cache-manager="cacheManager"   
		proxy-target-class="true" mode="proxy" />
	
	<bean id="cacheManager" class="org.springframework.cache.support.SimpleCacheManager">
	    <property name="caches" ref="cacheSet" />	        
	</bean>

</beans>